{
    "window_size": 4,
    "train_losses": [
        21.02718213277919,
        10.008440844776066,
        7.740413167240056,
        6.592880225581977,
        5.83900227539412,
        5.5111837454788555,
        5.180171288497576,
        4.866300728484874,
        3.8499571457709973,
        3.629084891945351
    ],
    "val_losses": [
        10.505566813887619,
        5.105293039141632,
        14.91276714045827,
        4.964481281507306,
        3.2309126446159873,
        3.8629986100262257,
        4.875651734049727,
        5.708068166891249,
        3.081234506063345,
        4.460530998794044
    ],
    "timestamp": "2025-04-18 02:23:34"
}