{
    "window_size": 3,
    "train_losses": [
        20.655918786143527,
        9.729277437151843,
        6.665085819622942,
        5.5915527871546855,
        5.03181786784689,
        4.560568878050069,
        3.5187031806698283,
        3.2356345507570805,
        3.0940484444785663,
        2.9606167714286395
    ],
    "val_losses": [
        19.822199349868587,
        10.368294644065019,
        2.807574031120393,
        3.134495251971047,
        3.9776567140730417,
        3.5504307585881976,
        6.205811655739459,
        2.70399062190114,
        2.6003929386596853,
        5.703194527655113
    ],
    "timestamp": "2025-04-18 02:15:04"
}