{
    "window_size": 5,
    "train_losses": [
        20.44331133747829,
        8.960108404159547,
        6.792012029458548,
        5.937361065231206,
        5.109094375654031,
        4.726149440030105,
        4.346921765130895,
        3.9475773797144416,
        3.7524840332715566,
        3.588893427703217
    ],
    "val_losses": [
        15.725144576735612,
        6.146621046996698,
        5.820084789904152,
        4.136878972736801,
        3.0428772919061706,
        4.026899641824931,
        3.213310325827177,
        2.8405893744128505,
        3.9387412782849336,
        6.082404734448689
    ],
    "timestamp": "2025-04-18 02:34:44"
}