{
    "window_size": 10,
    "train_losses": [
        20.229974636888823,
        9.724213434343449,
        7.114698646632214,
        5.936396040891683,
        5.4970124540492105,
        5.06822167214054,
        4.694558569732496,
        3.730432847213221,
        3.5639743159730477,
        3.440372940928891
    ],
    "val_losses": [
        14.308029703977631,
        7.79310574851385,
        5.858611213434033,
        4.6070229157442,
        5.2742863886966935,
        4.959879215715862,
        6.8856722439207685,
        4.005117236332196,
        3.8746152577603734,
        4.164568510796966
    ],
    "timestamp": "2025-04-18 02:57:58"
}