{
    "window_size": 7,
    "train_losses": [
        21.132453644148267,
        9.735987286676888,
        7.592830466132128,
        6.4746803563969735,
        4.733081069320213,
        4.501829841191532,
        4.408808225748193,
        4.15424822468794,
        3.9614330881424533,
        3.887986682644327
    ],
    "val_losses": [
        4.738404369499626,
        16.13309976066031,
        8.982423174962765,
        6.691218344467442,
        6.776021038322914,
        4.496331552688669,
        5.574577087018548,
        3.5652721313805116,
        3.927712026892639,
        3.28994114929583
    ],
    "timestamp": "2025-04-18 02:48:54"
}